"Tuji turisti po: MESEC, GLAVNI RAZLOG, DR꾀VA PREBIVALI궫A , MERITVE"

" ";" ";" ";"굢evilo turistov"
"Glavna sezona"
" ";"Po粕tnice, sprostitev, rekreacija"
" ";" ";"Avstrija";35106
" ";" ";"Italija";79595
" ";" ";"Nem粕ja";51984
" ";" ";"Druge evropske dr료ve";233323
" ";" ";"Neevropske dr료ve";71046
" ";"Obisk sorodnikov ali prijateljev"
" ";" ";"Avstrija";N
" ";" ";"Italija";3223
" ";" ";"Nem粕ja";3742
" ";" ";"Druge evropske dr료ve";9564
" ";" ";"Neevropske dr료ve";N
" ";"Skrb za zdravje, dobro po拌tje"
" ";" ";"Avstrija";N
" ";" ";"Italija";N
" ";" ";"Nem粕ja";N
" ";" ";"Druge evropske dr료ve";N
" ";" ";"Neevropske dr료ve";N
" ";"Izobra룐vanje"
" ";" ";"Avstrija";N
" ";" ";"Italija";N
" ";" ";"Nem粕ja";-
" ";" ";"Druge evropske dr료ve";N
" ";" ";"Neevropske dr료ve";N
" ";"Kultura"
" ";" ";"Avstrija";N
" ";" ";"Italija";N
" ";" ";"Nem粕ja";N
" ";" ";"Druge evropske dr료ve";N
" ";" ";"Neevropske dr료ve";N
" ";"Religija/romanje"
" ";" ";"Avstrija";-
" ";" ";"Italija";N
" ";" ";"Nem粕ja";N
" ";" ";"Druge evropske dr료ve";-
" ";" ";"Neevropske dr료ve";-
" ";"Nakupovanje"
" ";" ";"Avstrija";-
" ";" ";"Italija";-
" ";" ";"Nem粕ja";N
" ";" ";"Druge evropske dr료ve";N
" ";" ";"Neevropske dr료ve";-
" ";"Poslovni sestanki"
" ";" ";"Avstrija";3671
" ";" ";"Italija";5054
" ";" ";"Nem粕ja";7635
" ";" ";"Druge evropske dr료ve";19909
" ";" ";"Neevropske dr료ve";5956
" ";"Konference, seminarji, sejmi"
" ";" ";"Avstrija";N
" ";" ";"Italija";N
" ";" ";"Nem粕ja";N
" ";" ";"Druge evropske dr료ve";5314
" ";" ";"Neevropske dr료ve";N
" ";"Tranzit"
" ";" ";"Avstrija";N
" ";" ";"Italija";N
" ";" ";"Nem粕ja";5251
" ";" ";"Druge evropske dr료ve";14285
" ";" ";"Neevropske dr료ve";N
" ";"Drugi razlogi"
" ";" ";"Avstrija";N
" ";" ";"Italija";N
" ";" ";"Nem粕ja";N
" ";" ";"Druge evropske dr료ve";N
" ";" ";"Neevropske dr료ve";N
"April"
" ";"Po粕tnice, sprostitev, rekreacija"
" ";" ";"Avstrija";14465
" ";" ";"Italija";31065
" ";" ";"Nem粕ja";6426
" ";" ";"Druge evropske dr료ve";23258
" ";" ";"Neevropske dr료ve";16967
" ";"Obisk sorodnikov ali prijateljev"
" ";" ";"Avstrija";N
" ";" ";"Italija";N
" ";" ";"Nem粕ja";N
" ";" ";"Druge evropske dr료ve";N
" ";" ";"Neevropske dr료ve";N
" ";"Skrb za zdravje, dobro po拌tje"
" ";" ";"Avstrija";N
" ";" ";"Italija";N
" ";" ";"Nem粕ja";N
" ";" ";"Druge evropske dr료ve";N
" ";" ";"Neevropske dr료ve";N
" ";"Izobra룐vanje"
" ";" ";"Avstrija";N
" ";" ";"Italija";N
" ";" ";"Nem粕ja";-
" ";" ";"Druge evropske dr료ve";N
" ";" ";"Neevropske dr료ve";N
" ";"Kultura"
" ";" ";"Avstrija";-
" ";" ";"Italija";N
" ";" ";"Nem粕ja";N
" ";" ";"Druge evropske dr료ve";N
" ";" ";"Neevropske dr료ve";N
" ";"Religija/romanje"
" ";" ";"Avstrija";-
" ";" ";"Italija";N
" ";" ";"Nem粕ja";-
" ";" ";"Druge evropske dr료ve";N
" ";" ";"Neevropske dr료ve";-
" ";"Nakupovanje"
" ";" ";"Avstrija";-
" ";" ";"Italija";-
" ";" ";"Nem粕ja";-
" ";" ";"Druge evropske dr료ve";-
" ";" ";"Neevropske dr료ve";-
" ";"Poslovni sestanki"
" ";" ";"Avstrija";N
" ";" ";"Italija";N
" ";" ";"Nem粕ja";N
" ";" ";"Druge evropske dr료ve";13346
" ";" ";"Neevropske dr료ve";N
" ";"Konference, seminarji, sejmi"
" ";" ";"Avstrija";N
" ";" ";"Italija";N
" ";" ";"Nem粕ja";N
" ";" ";"Druge evropske dr료ve";5176
" ";" ";"Neevropske dr료ve";-
" ";"Tranzit"
" ";" ";"Avstrija";-
" ";" ";"Italija";N
" ";" ";"Nem粕ja";-
" ";" ";"Druge evropske dr료ve";N
" ";" ";"Neevropske dr료ve";-
" ";"Drugi razlogi"
" ";" ";"Avstrija";N
" ";" ";"Italija";-
" ";" ";"Nem粕ja";-
" ";" ";"Druge evropske dr료ve";N
" ";" ";"Neevropske dr료ve";N
"Maj"
" ";"Po粕tnice, sprostitev, rekreacija"
" ";" ";"Avstrija";15553
" ";" ";"Italija";24251
" ";" ";"Nem粕ja";9791
" ";" ";"Druge evropske dr료ve";32985
" ";" ";"Neevropske dr료ve";26446
" ";"Obisk sorodnikov ali prijateljev"
" ";" ";"Avstrija";N
" ";" ";"Italija";N
" ";" ";"Nem粕ja";N
" ";" ";"Druge evropske dr료ve";N
" ";" ";"Neevropske dr료ve";N
" ";"Skrb za zdravje, dobro po拌tje"
" ";" ";"Avstrija";N
" ";" ";"Italija";N
" ";" ";"Nem粕ja";-
" ";" ";"Druge evropske dr료ve";3789
" ";" ";"Neevropske dr료ve";-
" ";"Izobra룐vanje"
" ";" ";"Avstrija";N
" ";" ";"Italija";N
" ";" ";"Nem粕ja";-
" ";" ";"Druge evropske dr료ve";N
" ";" ";"Neevropske dr료ve";N
" ";"Kultura"
" ";" ";"Avstrija";N
" ";" ";"Italija";N
" ";" ";"Nem粕ja";-
" ";" ";"Druge evropske dr료ve";N
" ";" ";"Neevropske dr료ve";N
" ";"Religija/romanje"
" ";" ";"Avstrija";-
" ";" ";"Italija";-
" ";" ";"Nem粕ja";-
" ";" ";"Druge evropske dr료ve";-
" ";" ";"Neevropske dr료ve";-
" ";"Nakupovanje"
" ";" ";"Avstrija";-
" ";" ";"Italija";-
" ";" ";"Nem粕ja";-
" ";" ";"Druge evropske dr료ve";N
" ";" ";"Neevropske dr료ve";-
" ";"Poslovni sestanki"
" ";" ";"Avstrija";N
" ";" ";"Italija";N
" ";" ";"Nem粕ja";N
" ";" ";"Druge evropske dr료ve";11492
" ";" ";"Neevropske dr료ve";N
" ";"Konference, seminarji, sejmi"
" ";" ";"Avstrija";N
" ";" ";"Italija";N
" ";" ";"Nem粕ja";N
" ";" ";"Druge evropske dr료ve";9264
" ";" ";"Neevropske dr료ve";N
" ";"Tranzit"
" ";" ";"Avstrija";N
" ";" ";"Italija";-
" ";" ";"Nem粕ja";N
" ";" ";"Druge evropske dr료ve";N
" ";" ";"Neevropske dr료ve";N
" ";"Drugi razlogi"
" ";" ";"Avstrija";N
" ";" ";"Italija";-
" ";" ";"Nem粕ja";N
" ";" ";"Druge evropske dr료ve";N
" ";" ";"Neevropske dr료ve";N
"September"
" ";"Po粕tnice, sprostitev, rekreacija"
" ";" ";"Avstrija";19283
" ";" ";"Italija";21713
" ";" ";"Nem粕ja";11563
" ";" ";"Druge evropske dr료ve";43806
" ";" ";"Neevropske dr료ve";39897
" ";"Obisk sorodnikov ali prijateljev"
" ";" ";"Avstrija";N
" ";" ";"Italija";N
" ";" ";"Nem粕ja";N
" ";" ";"Druge evropske dr료ve";N
" ";" ";"Neevropske dr료ve";N
" ";"Skrb za zdravje, dobro po拌tje"
" ";" ";"Avstrija";N
" ";" ";"Italija";-
" ";" ";"Nem粕ja";N
" ";" ";"Druge evropske dr료ve";N
" ";" ";"Neevropske dr료ve";N
" ";"Izobra룐vanje"
" ";" ";"Avstrija";-
" ";" ";"Italija";-
" ";" ";"Nem粕ja";N
" ";" ";"Druge evropske dr료ve";N
" ";" ";"Neevropske dr료ve";-
" ";"Kultura"
" ";" ";"Avstrija";N
" ";" ";"Italija";-
" ";" ";"Nem粕ja";-
" ";" ";"Druge evropske dr료ve";N
" ";" ";"Neevropske dr료ve";N
" ";"Religija/romanje"
" ";" ";"Avstrija";-
" ";" ";"Italija";-
" ";" ";"Nem粕ja";-
" ";" ";"Druge evropske dr료ve";N
" ";" ";"Neevropske dr료ve";-
" ";"Nakupovanje"
" ";" ";"Avstrija";-
" ";" ";"Italija";-
" ";" ";"Nem粕ja";-
" ";" ";"Druge evropske dr료ve";-
" ";" ";"Neevropske dr료ve";-
" ";"Poslovni sestanki"
" ";" ";"Avstrija";N
" ";" ";"Italija";N
" ";" ";"Nem粕ja";3842
" ";" ";"Druge evropske dr료ve";8978
" ";" ";"Neevropske dr료ve";N
" ";"Konference, seminarji, sejmi"
" ";" ";"Avstrija";N
" ";" ";"Italija";N
" ";" ";"Nem粕ja";N
" ";" ";"Druge evropske dr료ve";7585
" ";" ";"Neevropske dr료ve";N
" ";"Tranzit"
" ";" ";"Avstrija";N
" ";" ";"Italija";N
" ";" ";"Nem粕ja";N
" ";" ";"Druge evropske dr료ve";N
" ";" ";"Neevropske dr료ve";N
" ";"Drugi razlogi"
" ";" ";"Avstrija";-
" ";" ";"Italija";-
" ";" ";"Nem粕ja";-
" ";" ";"Druge evropske dr료ve";N
" ";" ";"Neevropske dr료ve";N

"Vir: Statisti迫i urad Republike Slovenije. "
"Nekateri se뚒evki se zaradi zaokro룐vanja ne ujemajo."

"Povezane vsebine:  "
"- (seznam "
"HREF=http://www.stat.si/StatWeb/Common/PrikaziDokument.ashx?IdDatotek-"
"e=7802 target=_blank) Metodolo뚊a pojasnila"

